{
  "project_info": {
    "project_number": "374961878317",
    "firebase_url": "https://fir-upload-2f65e.firebaseio.com",
    "project_id": "fir-upload-2f65e",
    "storage_bucket": "fir-upload-2f65e.appspot.com"
  },
  "client": [
    {
      "client_info": {
        "mobilesdk_app_id": "1:374961878317:android:c8ab4b82eec373ab",
        "android_client_info": {
          "package_name": "com.example.hp.firebaseupload"
        }
      },
      "oauth_client": [
        {
          "client_id": "374961878317-krsg39nf0f6ib2v1fugec6nio9oko6nj.apps.googleusercontent.com",
          "client_type": 1,
          "android_info": {
            "package_name": "com.example.hp.firebaseupload",
            "certificate_hash": "1ebff2cabdbcc22256f6a13738a5d58db108b3d7"
          }
        },
        {
          "client_id": "374961878317-k4quemr2se6gjs5iimdump5f4dqfl1p7.apps.googleusercontent.com",
          "client_type": 3
        }
      ],
      "api_key": [
        {
          "current_key": "AIzaSyASgr6PfZrvxu35UKTAXMA39QOMZz7tTwA"
        }
      ],
      "services": {
        "analytics_service": {
          "status": 1
        },
        "appinvite_service": {
          "status": 2,
          "other_platform_oauth_client": [
            {
              "client_id": "374961878317-k4quemr2se6gjs5iimdump5f4dqfl1p7.apps.googleusercontent.com",
              "client_type": 3
            }
          ]
        },
        "ads_service": {
          "status": 2
        }
      }
    }
  ],
  "configuration_version": "1"
}